Start,Finish,Active Calories (kcal),Distance (mi),Flights Climbed (count),Steps (count)
08-Apr-2018 00:00,09-Apr-2018 00:00,0.0,0.0,0.0,854.0
09-Apr-2018 00:00,10-Apr-2018 00:00,0.0,0.0,4.0,5057.0
10-Apr-2018 00:00,11-Apr-2018 00:00,0.0,0.0,1.0,2689.0
11-Apr-2018 00:00,12-Apr-2018 00:00,0.0,0.0,8.0,7533.0
12-Apr-2018 00:00,13-Apr-2018 00:00,0.0,0.0,2.0,3610.0
13-Apr-2018 00:00,14-Apr-2018 00:00,0.0,0.0,1.0,5402.0
14-Apr-2018 00:00,15-Apr-2018 00:00,0.0,0.0,4.0,6214.0
15-Apr-2018 00:00,16-Apr-2018 00:00,0.0,0.0,0.0,2494.0
16-Apr-2018 00:00,17-Apr-2018 00:00,0.0,0.0,0.0,3944.0
17-Apr-2018 00:00,18-Apr-2018 00:00,0.0,0.0,27.0,9321.0
18-Apr-2018 00:00,19-Apr-2018 00:00,0.0,0.0,0.0,3813.0
19-Apr-2018 00:00,20-Apr-2018 00:00,0.0,0.0,1.0,1133.0
20-Apr-2018 00:00,21-Apr-2018 00:00,0.0,0.0,0.0,234.0
21-Apr-2018 00:00,22-Apr-2018 00:00,0.0,0.0,5.0,2815.51439541731
22-Apr-2018 00:00,23-Apr-2018 00:00,0.0,0.0,38.0,10186.4856045827
23-Apr-2018 00:00,24-Apr-2018 00:00,0.0,0.0,2.0,1552.0
24-Apr-2018 00:00,25-Apr-2018 00:00,0.0,0.0,3.0,2240.0
25-Apr-2018 00:00,26-Apr-2018 00:00,0.0,0.0,2.0,3774.0
26-Apr-2018 00:00,27-Apr-2018 00:00,0.0,0.0,0.0,1323.04869557395
27-Apr-2018 00:00,28-Apr-2018 00:00,0.0,0.0,4.0,5911.95130442605
28-Apr-2018 00:00,29-Apr-2018 00:00,0.0,0.0,0.0,1584.0
29-Apr-2018 00:00,30-Apr-2018 00:00,0.0,0.0,1.0,3255.0
30-Apr-2018 00:00,01-May-2018 00:00,0.0,0.0,3.0,2633.0
01-May-2018 00:00,02-May-2018 00:00,0.0,0.0,0.0,1973.0
02-May-2018 00:00,03-May-2018 00:00,0.0,0.0,3.0,4542.28478073214
03-May-2018 00:00,04-May-2018 00:00,0.0,0.0,53.0,6116.71521926786
04-May-2018 00:00,05-May-2018 00:00,0.0,0.0,3.0,4396.0
05-May-2018 00:00,06-May-2018 00:00,0.0,0.0,2.0,3633.09672713869
06-May-2018 00:00,07-May-2018 00:00,0.0,0.0,5.0,4425.21211049319
07-May-2018 00:00,08-May-2018 00:00,0.0,0.0,2.0,5867.69116236812
08-May-2018 00:00,09-May-2018 00:00,0.0,0.0,3.0,2462.0
09-May-2018 00:00,10-May-2018 00:00,0.0,0.0,0.0,2325.0
10-May-2018 00:00,11-May-2018 00:00,0.0,0.0,3.0,2794.0
11-May-2018 00:00,12-May-2018 00:00,0.0,0.0,2.0,2315.0
12-May-2018 00:00,13-May-2018 00:00,0.0,0.0,6.0,9349.0
13-May-2018 00:00,14-May-2018 00:00,0.0,0.0,3.0,1470.0
14-May-2018 00:00,15-May-2018 00:00,0.0,0.0,3.0,5455.0
15-May-2018 00:00,16-May-2018 00:00,0.0,0.0,2.0,4611.0
16-May-2018 00:00,17-May-2018 00:00,0.0,0.0,1.0,3813.0
17-May-2018 00:00,18-May-2018 00:00,0.0,0.0,0.0,2296.0
18-May-2018 00:00,19-May-2018 00:00,0.0,0.0,5.0,3349.0
19-May-2018 00:00,20-May-2018 00:00,0.0,0.0,5.0,8995.0
20-May-2018 00:00,21-May-2018 00:00,0.0,0.0,25.0,5254.0
21-May-2018 00:00,22-May-2018 00:00,0.0,0.0,7.0,2001.0
22-May-2018 00:00,23-May-2018 00:00,0.0,0.0,2.0,2692.0
23-May-2018 00:00,24-May-2018 00:00,0.0,0.0,5.0,4132.0
24-May-2018 00:00,25-May-2018 00:00,0.0,0.0,7.0,2356.0
25-May-2018 00:00,26-May-2018 00:00,0.0,0.0,0.0,3618.0
26-May-2018 00:00,27-May-2018 00:00,0.0,0.0,1.0,2906.0
27-May-2018 00:00,28-May-2018 00:00,0.0,0.0,4.0,1511.0
28-May-2018 00:00,29-May-2018 00:00,0.0,0.0,5.0,4082.60402345624
29-May-2018 00:00,30-May-2018 00:00,0.0,0.0,4.0,3963.39597654376
30-May-2018 00:00,31-May-2018 00:00,0.0,0.0,4.0,6069.0
31-May-2018 00:00,01-Jun-2018 00:00,0.0,0.0,0.0,3022.0
01-Jun-2018 00:00,02-Jun-2018 00:00,0.0,0.0,0.0,7487.0
02-Jun-2018 00:00,03-Jun-2018 00:00,0.0,0.0,2.0,926.0
03-Jun-2018 00:00,04-Jun-2018 00:00,0.0,0.0,6.0,5544.0
04-Jun-2018 00:00,05-Jun-2018 00:00,0.0,0.0,0.0,4822.0
05-Jun-2018 00:00,06-Jun-2018 00:00,0.0,0.0,0.0,780.0
06-Jun-2018 00:00,07-Jun-2018 00:00,0.0,0.0,4.0,4303.0
07-Jun-2018 00:00,08-Jun-2018 00:00,0.0,0.0,3.0,2823.0
08-Jun-2018 00:00,09-Jun-2018 00:00,0.0,0.0,2.0,3490.0
09-Jun-2018 00:00,10-Jun-2018 00:00,0.0,0.0,0.0,3999.96543669199
10-Jun-2018 00:00,11-Jun-2018 00:00,0.0,0.0,2.0,3900.03456330801
11-Jun-2018 00:00,12-Jun-2018 00:00,0.0,0.0,7.0,5201.0
12-Jun-2018 00:00,13-Jun-2018 00:00,0.0,0.0,0.0,2678.0
13-Jun-2018 00:00,14-Jun-2018 00:00,0.0,0.0,0.0,3766.0
14-Jun-2018 00:00,15-Jun-2018 00:00,0.0,0.0,0.0,4317.0
15-Jun-2018 00:00,16-Jun-2018 00:00,0.0,0.0,13.0,6236.0
16-Jun-2018 00:00,17-Jun-2018 00:00,0.0,0.0,1.0,2483.0
17-Jun-2018 00:00,18-Jun-2018 00:00,0.0,0.0,0.0,6371.0
18-Jun-2018 00:00,19-Jun-2018 00:00,0.0,0.0,1.0,5120.0
19-Jun-2018 00:00,20-Jun-2018 00:00,0.0,0.0,34.0,10316.0
20-Jun-2018 00:00,21-Jun-2018 00:00,0.0,0.0,34.0,12112.0
21-Jun-2018 00:00,22-Jun-2018 00:00,0.0,0.0,5.0,4267.0
22-Jun-2018 00:00,23-Jun-2018 00:00,0.0,0.0,2.0,2683.0
23-Jun-2018 00:00,24-Jun-2018 00:00,0.0,0.0,1.0,3576.0
24-Jun-2018 00:00,25-Jun-2018 00:00,0.0,0.0,8.0,4296.0
25-Jun-2018 00:00,26-Jun-2018 00:00,0.0,0.0,1.0,4419.0
26-Jun-2018 00:00,27-Jun-2018 00:00,0.0,0.0,5.0,5254.0
27-Jun-2018 00:00,28-Jun-2018 00:00,0.0,0.0,0.0,3909.0
28-Jun-2018 00:00,29-Jun-2018 00:00,0.0,0.0,4.0,4859.0
29-Jun-2018 00:00,30-Jun-2018 00:00,0.0,0.0,2.0,6712.0
30-Jun-2018 00:00,01-Jul-2018 00:00,0.0,0.0,0.0,6528.74971919869
01-Jul-2018 00:00,02-Jul-2018 00:00,0.0,0.0,14.0,5578.25028080131
02-Jul-2018 00:00,03-Jul-2018 00:00,0.0,0.0,0.0,1492.0
03-Jul-2018 00:00,04-Jul-2018 00:00,0.0,0.0,2.0,3728.0
04-Jul-2018 00:00,05-Jul-2018 00:00,0.0,0.0,28.0,12068.0
05-Jul-2018 00:00,06-Jul-2018 00:00,0.0,0.0,6.0,8344.0
06-Jul-2018 00:00,07-Jul-2018 00:00,0.0,0.0,26.0,9981.0
07-Jul-2018 00:00,08-Jul-2018 00:00,0.0,0.0,2.0,4135.0
08-Jul-2018 00:00,09-Jul-2018 00:00,0.0,0.0,0.0,2001.0
09-Jul-2018 00:00,10-Jul-2018 00:00,0.0,0.0,4.0,5688.0
10-Jul-2018 00:00,11-Jul-2018 00:00,0.0,0.0,1.0,2880.0
11-Jul-2018 00:00,12-Jul-2018 00:00,0.0,0.0,28.0,8450.0
12-Jul-2018 00:00,13-Jul-2018 00:00,0.0,0.0,8.0,5756.63349541993
13-Jul-2018 00:00,14-Jul-2018 00:00,0.0,0.0,22.0,5601.48531393381
14-Jul-2018 00:00,15-Jul-2018 00:00,0.0,0.0,13.0,14023.8811906463
15-Jul-2018 00:00,16-Jul-2018 00:00,0.0,0.0,0.0,3608.0
16-Jul-2018 00:00,17-Jul-2018 00:00,0.0,0.0,0.0,3450.0
17-Jul-2018 00:00,18-Jul-2018 00:00,0.0,0.0,4.0,3441.0
18-Jul-2018 00:00,19-Jul-2018 00:00,0.0,0.0,0.0,5607.0
19-Jul-2018 00:00,20-Jul-2018 00:00,0.0,0.0,3.0,4978.0
20-Jul-2018 00:00,21-Jul-2018 00:00,0.0,0.0,2.0,6993.0
21-Jul-2018 00:00,22-Jul-2018 00:00,0.0,0.0,1.0,10187.0
22-Jul-2018 00:00,23-Jul-2018 00:00,0.0,0.0,39.0,13321.0
23-Jul-2018 00:00,24-Jul-2018 00:00,0.0,0.0,23.0,8167.34123531774
24-Jul-2018 00:00,25-Jul-2018 00:00,0.0,0.0,23.0,5746.49651172794
25-Jul-2018 00:00,26-Jul-2018 00:00,0.0,0.0,50.0,9289.16225295432
26-Jul-2018 00:00,27-Jul-2018 00:00,0.0,0.0,2.0,3456.0
27-Jul-2018 00:00,28-Jul-2018 00:00,0.0,0.0,0.0,7270.0
28-Jul-2018 00:00,29-Jul-2018 00:00,0.0,0.0,2.0,3202.0
29-Jul-2018 00:00,30-Jul-2018 00:00,0.0,0.0,5.0,7418.80251056729
30-Jul-2018 00:00,31-Jul-2018 00:00,0.0,0.0,0.0,5861.73837509606
31-Jul-2018 00:00,01-Aug-2018 00:00,0.0,0.0,23.0,4647.45911433665
01-Aug-2018 00:00,02-Aug-2018 00:00,0.0,0.0,3.0,6012.0
02-Aug-2018 00:00,03-Aug-2018 00:00,0.0,0.0,3.0,5467.0
03-Aug-2018 00:00,04-Aug-2018 00:00,0.0,0.0,3.0,5287.0
04-Aug-2018 00:00,05-Aug-2018 00:00,0.0,0.0,0.0,942.0
05-Aug-2018 00:00,06-Aug-2018 00:00,0.0,0.0,2.0,3697.0
06-Aug-2018 00:00,07-Aug-2018 00:00,0.0,0.0,4.0,4035.0
07-Aug-2018 00:00,08-Aug-2018 00:00,0.0,0.0,5.0,4495.0
08-Aug-2018 00:00,09-Aug-2018 00:00,0.0,0.0,6.0,6981.0
09-Aug-2018 00:00,10-Aug-2018 00:00,0.0,0.0,3.0,3015.51329213431
10-Aug-2018 00:00,11-Aug-2018 00:00,0.0,0.0,9.0,10916.8445636238
11-Aug-2018 00:00,12-Aug-2018 00:00,0.0,0.0,4.0,3903.64214424187
12-Aug-2018 00:00,13-Aug-2018 00:00,0.0,0.0,5.0,2430.0
13-Aug-2018 00:00,14-Aug-2018 00:00,0.0,0.0,3.0,3141.0
14-Aug-2018 00:00,15-Aug-2018 00:00,0.0,0.0,10.0,7092.986768482
15-Aug-2018 00:00,16-Aug-2018 00:00,0.0,0.0,7.0,4094.013231518
16-Aug-2018 00:00,17-Aug-2018 00:00,0.0,0.0,0.0,2764.0
17-Aug-2018 00:00,18-Aug-2018 00:00,0.0,0.0,0.0,2427.0
18-Aug-2018 00:00,19-Aug-2018 00:00,0.0,0.0,0.0,2208.0
19-Aug-2018 00:00,20-Aug-2018 00:00,0.0,0.0,3.0,3301.0
20-Aug-2018 00:00,21-Aug-2018 00:00,0.0,0.0,2.0,4798.0
21-Aug-2018 00:00,22-Aug-2018 00:00,0.0,0.0,2.0,3158.0
22-Aug-2018 00:00,23-Aug-2018 00:00,0.0,0.0,0.0,2209.0
23-Aug-2018 00:00,24-Aug-2018 00:00,0.0,0.0,1.0,2319.0
24-Aug-2018 00:00,25-Aug-2018 00:00,0.0,0.0,8.0,5754.0
25-Aug-2018 00:00,26-Aug-2018 00:00,0.0,0.0,2.0,2413.0
26-Aug-2018 00:00,27-Aug-2018 00:00,0.0,0.0,0.0,2531.0
27-Aug-2018 00:00,28-Aug-2018 00:00,0.0,0.0,0.0,1772.0
28-Aug-2018 00:00,29-Aug-2018 00:00,0.0,0.0,9.0,6259.0
29-Aug-2018 00:00,30-Aug-2018 00:00,0.0,0.0,2.0,7101.0
30-Aug-2018 00:00,31-Aug-2018 00:00,0.0,0.0,1.0,1321.0
31-Aug-2018 00:00,01-Sep-2018 00:00,0.0,0.0,0.0,0.0
01-Sep-2018 00:00,02-Sep-2018 00:00,0.0,0.0,0.0,0.0
02-Sep-2018 00:00,03-Sep-2018 00:00,0.0,0.0,0.0,0.0
03-Sep-2018 00:00,04-Sep-2018 00:00,0.0,0.0,0.0,0.0
04-Sep-2018 00:00,05-Sep-2018 00:00,0.0,0.0,0.0,0.0
05-Sep-2018 00:00,06-Sep-2018 00:00,0.0,0.0,0.0,0.0
06-Sep-2018 00:00,07-Sep-2018 00:00,0.0,0.0,0.0,0.0
07-Sep-2018 00:00,08-Sep-2018 00:00,0.0,0.0,0.0,0.0
08-Sep-2018 00:00,09-Sep-2018 00:00,0.0,0.0,0.0,0.0
09-Sep-2018 00:00,10-Sep-2018 00:00,0.0,0.0,0.0,0.0
10-Sep-2018 00:00,11-Sep-2018 00:00,0.0,0.0,0.0,0.0
11-Sep-2018 00:00,12-Sep-2018 00:00,0.0,0.0,0.0,0.0
12-Sep-2018 00:00,13-Sep-2018 00:00,0.0,0.0,0.0,0.0
13-Sep-2018 00:00,14-Sep-2018 00:00,0.0,0.0,0.0,0.0
14-Sep-2018 00:00,15-Sep-2018 00:00,0.0,0.0,0.0,0.0
15-Sep-2018 00:00,16-Sep-2018 00:00,0.0,0.0,0.0,0.0
16-Sep-2018 00:00,17-Sep-2018 00:00,0.0,0.0,0.0,0.0
17-Sep-2018 00:00,18-Sep-2018 00:00,0.0,0.0,0.0,0.0
18-Sep-2018 00:00,19-Sep-2018 00:00,0.0,0.0,0.0,0.0
19-Sep-2018 00:00,20-Sep-2018 00:00,0.0,0.0,0.0,0.0
20-Sep-2018 00:00,21-Sep-2018 00:00,0.0,0.0,0.0,0.0
21-Sep-2018 00:00,22-Sep-2018 00:00,0.0,0.0,0.0,0.0
22-Sep-2018 00:00,23-Sep-2018 00:00,0.0,0.0,0.0,0.0
23-Sep-2018 00:00,24-Sep-2018 00:00,0.0,0.0,0.0,0.0
24-Sep-2018 00:00,25-Sep-2018 00:00,0.0,0.0,0.0,0.0
25-Sep-2018 00:00,26-Sep-2018 00:00,0.0,0.0,0.0,0.0
26-Sep-2018 00:00,27-Sep-2018 00:00,0.0,0.0,0.0,0.0
27-Sep-2018 00:00,28-Sep-2018 00:00,0.0,0.0,0.0,0.0
28-Sep-2018 00:00,29-Sep-2018 00:00,0.0,0.0,0.0,0.0
29-Sep-2018 00:00,30-Sep-2018 00:00,0.0,0.0,0.0,0.0
30-Sep-2018 00:00,01-Oct-2018 00:00,0.0,0.0,0.0,0.0
01-Oct-2018 00:00,02-Oct-2018 00:00,0.0,0.0,0.0,0.0
02-Oct-2018 00:00,03-Oct-2018 00:00,0.0,0.0,0.0,0.0
03-Oct-2018 00:00,04-Oct-2018 00:00,0.0,0.0,0.0,0.0
04-Oct-2018 00:00,05-Oct-2018 00:00,0.0,0.0,0.0,0.0
05-Oct-2018 00:00,06-Oct-2018 00:00,0.0,0.0,0.0,0.0
06-Oct-2018 00:00,07-Oct-2018 00:00,0.0,0.0,0.0,0.0
07-Oct-2018 00:00,08-Oct-2018 00:00,0.0,0.0,0.0,0.0
08-Oct-2018 00:00,09-Oct-2018 00:00,0.0,0.0,0.0,0.0
09-Oct-2018 00:00,10-Oct-2018 00:00,0.0,0.0,0.0,0.0
10-Oct-2018 00:00,11-Oct-2018 00:00,0.0,0.0,0.0,0.0
11-Oct-2018 00:00,12-Oct-2018 00:00,0.0,0.0,0.0,0.0
12-Oct-2018 00:00,13-Oct-2018 00:00,0.0,0.0,0.0,0.0
13-Oct-2018 00:00,14-Oct-2018 00:00,0.0,0.0,0.0,0.0
14-Oct-2018 00:00,15-Oct-2018 00:00,0.0,0.0,0.0,0.0
15-Oct-2018 00:00,16-Oct-2018 00:00,0.0,0.0,0.0,0.0
16-Oct-2018 00:00,17-Oct-2018 00:00,0.0,0.0,0.0,0.0
17-Oct-2018 00:00,18-Oct-2018 00:00,0.0,0.0,0.0,0.0
18-Oct-2018 00:00,19-Oct-2018 00:00,0.0,0.0,0.0,0.0
19-Oct-2018 00:00,20-Oct-2018 00:00,0.0,0.0,0.0,0.0
20-Oct-2018 00:00,21-Oct-2018 00:00,0.0,0.0,0.0,0.0
21-Oct-2018 00:00,22-Oct-2018 00:00,0.0,0.0,0.0,0.0
22-Oct-2018 00:00,23-Oct-2018 00:00,0.0,0.0,0.0,0.0
23-Oct-2018 00:00,24-Oct-2018 00:00,0.0,0.0,0.0,0.0
24-Oct-2018 00:00,25-Oct-2018 00:00,0.0,0.0,0.0,0.0
25-Oct-2018 00:00,26-Oct-2018 00:00,0.0,0.0,0.0,0.0
26-Oct-2018 00:00,27-Oct-2018 00:00,0.0,0.0,0.0,0.0
27-Oct-2018 00:00,28-Oct-2018 00:00,0.0,0.0,0.0,0.0
28-Oct-2018 00:00,29-Oct-2018 00:00,0.0,0.0,0.0,0.0
29-Oct-2018 00:00,30-Oct-2018 00:00,0.0,0.0,0.0,0.0
30-Oct-2018 00:00,31-Oct-2018 00:00,0.0,0.0,0.0,0.0
31-Oct-2018 00:00,01-Nov-2018 00:00,0.0,0.0,0.0,0.0
01-Nov-2018 00:00,02-Nov-2018 00:00,0.0,0.0,0.0,0.0
02-Nov-2018 00:00,03-Nov-2018 00:00,0.0,0.0,0.0,0.0
03-Nov-2018 00:00,04-Nov-2018 00:00,0.0,0.0,0.0,0.0
04-Nov-2018 00:00,05-Nov-2018 00:00,0.0,0.0,0.0,0.0
05-Nov-2018 00:00,06-Nov-2018 00:00,0.0,0.0,0.0,0.0
06-Nov-2018 00:00,07-Nov-2018 00:00,0.0,0.0,0.0,0.0
07-Nov-2018 00:00,08-Nov-2018 00:00,0.0,0.0,0.0,0.0
08-Nov-2018 00:00,09-Nov-2018 00:00,0.0,0.0,0.0,0.0
09-Nov-2018 00:00,10-Nov-2018 00:00,0.0,0.0,0.0,0.0
10-Nov-2018 00:00,11-Nov-2018 00:00,0.0,0.0,0.0,0.0
11-Nov-2018 00:00,12-Nov-2018 00:00,0.0,0.0,0.0,0.0
12-Nov-2018 00:00,13-Nov-2018 00:00,0.0,0.0,0.0,0.0
13-Nov-2018 00:00,14-Nov-2018 00:00,0.0,0.0,0.0,0.0
14-Nov-2018 00:00,15-Nov-2018 00:00,0.0,0.0,0.0,0.0
15-Nov-2018 00:00,16-Nov-2018 00:00,0.0,0.0,0.0,0.0
16-Nov-2018 00:00,17-Nov-2018 00:00,0.0,0.0,0.0,0.0
17-Nov-2018 00:00,18-Nov-2018 00:00,0.0,0.0,0.0,0.0
18-Nov-2018 00:00,19-Nov-2018 00:00,0.0,0.0,0.0,0.0
19-Nov-2018 00:00,20-Nov-2018 00:00,0.0,0.0,0.0,0.0
20-Nov-2018 00:00,21-Nov-2018 00:00,0.0,0.0,0.0,0.0
21-Nov-2018 00:00,22-Nov-2018 00:00,0.0,0.0,0.0,0.0
22-Nov-2018 00:00,23-Nov-2018 00:00,0.0,0.0,0.0,0.0
23-Nov-2018 00:00,24-Nov-2018 00:00,0.0,0.0,0.0,0.0
24-Nov-2018 00:00,25-Nov-2018 00:00,0.0,0.0,0.0,0.0
25-Nov-2018 00:00,26-Nov-2018 00:00,0.0,0.0,0.0,0.0
26-Nov-2018 00:00,27-Nov-2018 00:00,0.0,0.0,0.0,0.0
27-Nov-2018 00:00,28-Nov-2018 00:00,0.0,0.0,0.0,0.0
28-Nov-2018 00:00,29-Nov-2018 00:00,0.0,0.0,0.0,0.0
29-Nov-2018 00:00,30-Nov-2018 00:00,0.0,0.0,0.0,0.0
30-Nov-2018 00:00,01-Dec-2018 00:00,0.0,0.0,0.0,0.0
01-Dec-2018 00:00,02-Dec-2018 00:00,0.0,0.0,0.0,0.0
02-Dec-2018 00:00,03-Dec-2018 00:00,0.0,0.0,0.0,0.0
03-Dec-2018 00:00,04-Dec-2018 00:00,0.0,0.0,0.0,0.0
04-Dec-2018 00:00,05-Dec-2018 00:00,0.0,0.0,0.0,0.0
05-Dec-2018 00:00,06-Dec-2018 00:00,0.0,0.0,0.0,0.0
06-Dec-2018 00:00,07-Dec-2018 00:00,0.0,0.0,0.0,0.0
07-Dec-2018 00:00,08-Dec-2018 00:00,0.0,0.0,0.0,0.0
08-Dec-2018 00:00,09-Dec-2018 00:00,0.0,0.0,0.0,0.0
09-Dec-2018 00:00,10-Dec-2018 00:00,0.0,0.0,0.0,0.0
10-Dec-2018 00:00,11-Dec-2018 00:00,0.0,0.0,0.0,0.0
11-Dec-2018 00:00,12-Dec-2018 00:00,0.0,0.0,0.0,0.0
12-Dec-2018 00:00,13-Dec-2018 00:00,0.0,0.0,0.0,0.0
13-Dec-2018 00:00,14-Dec-2018 00:00,0.0,0.0,0.0,0.0
14-Dec-2018 00:00,15-Dec-2018 00:00,0.0,0.0,0.0,0.0
15-Dec-2018 00:00,16-Dec-2018 00:00,0.0,0.0,0.0,0.0
16-Dec-2018 00:00,17-Dec-2018 00:00,0.0,0.0,0.0,0.0
17-Dec-2018 00:00,18-Dec-2018 00:00,0.0,0.0,0.0,0.0
18-Dec-2018 00:00,19-Dec-2018 00:00,0.0,0.0,0.0,0.0
19-Dec-2018 00:00,20-Dec-2018 00:00,0.0,0.0,0.0,0.0
20-Dec-2018 00:00,21-Dec-2018 00:00,0.0,0.0,0.0,0.0
21-Dec-2018 00:00,22-Dec-2018 00:00,0.0,0.0,0.0,0.0
22-Dec-2018 00:00,23-Dec-2018 00:00,0.0,0.0,0.0,0.0
23-Dec-2018 00:00,24-Dec-2018 00:00,0.0,0.0,0.0,0.0
24-Dec-2018 00:00,25-Dec-2018 00:00,0.0,0.0,0.0,0.0
25-Dec-2018 00:00,26-Dec-2018 00:00,0.0,0.0,0.0,0.0
26-Dec-2018 00:00,27-Dec-2018 00:00,0.0,0.0,0.0,0.0
27-Dec-2018 00:00,28-Dec-2018 00:00,0.0,0.0,0.0,0.0
28-Dec-2018 00:00,29-Dec-2018 00:00,0.0,0.0,0.0,0.0
29-Dec-2018 00:00,30-Dec-2018 00:00,0.0,0.0,0.0,0.0
30-Dec-2018 00:00,31-Dec-2018 00:00,0.0,0.0,0.0,0.0
31-Dec-2018 00:00,01-Jan-2019 00:00,0.0,0.0,0.0,0.0
01-Jan-2019 00:00,02-Jan-2019 00:00,0.0,0.0,0.0,0.0
02-Jan-2019 00:00,03-Jan-2019 00:00,0.0,0.0,0.0,0.0
03-Jan-2019 00:00,04-Jan-2019 00:00,0.0,0.0,0.0,0.0
04-Jan-2019 00:00,05-Jan-2019 00:00,0.0,0.0,0.0,0.0
05-Jan-2019 00:00,06-Jan-2019 00:00,0.0,0.0,0.0,0.0
06-Jan-2019 00:00,07-Jan-2019 00:00,0.0,0.0,0.0,0.0
07-Jan-2019 00:00,08-Jan-2019 00:00,0.0,0.0,0.0,0.0
08-Jan-2019 00:00,09-Jan-2019 00:00,0.0,0.0,0.0,0.0
09-Jan-2019 00:00,10-Jan-2019 00:00,0.0,0.0,0.0,0.0
10-Jan-2019 00:00,11-Jan-2019 00:00,0.0,0.0,0.0,0.0
11-Jan-2019 00:00,12-Jan-2019 00:00,0.0,0.0,0.0,0.0
12-Jan-2019 00:00,13-Jan-2019 00:00,0.0,0.0,0.0,0.0
13-Jan-2019 00:00,14-Jan-2019 00:00,0.0,0.0,0.0,0.0
14-Jan-2019 00:00,15-Jan-2019 00:00,0.0,0.0,0.0,0.0
15-Jan-2019 00:00,16-Jan-2019 00:00,0.0,0.0,0.0,0.0
16-Jan-2019 00:00,17-Jan-2019 00:00,0.0,0.0,0.0,0.0
17-Jan-2019 00:00,18-Jan-2019 00:00,0.0,0.0,0.0,0.0
18-Jan-2019 00:00,19-Jan-2019 00:00,0.0,0.0,0.0,0.0
19-Jan-2019 00:00,20-Jan-2019 00:00,0.0,0.0,0.0,0.0
20-Jan-2019 00:00,21-Jan-2019 00:00,0.0,0.0,0.0,0.0
21-Jan-2019 00:00,22-Jan-2019 00:00,0.0,0.0,0.0,0.0
22-Jan-2019 00:00,23-Jan-2019 00:00,0.0,0.0,0.0,0.0
23-Jan-2019 00:00,24-Jan-2019 00:00,0.0,0.0,0.0,0.0
24-Jan-2019 00:00,25-Jan-2019 00:00,0.0,0.0,0.0,0.0
25-Jan-2019 00:00,26-Jan-2019 00:00,0.0,0.0,0.0,0.0
26-Jan-2019 00:00,27-Jan-2019 00:00,0.0,0.0,0.0,0.0
27-Jan-2019 00:00,28-Jan-2019 00:00,0.0,0.0,0.0,0.0
28-Jan-2019 00:00,29-Jan-2019 00:00,0.0,0.0,0.0,0.0
29-Jan-2019 00:00,30-Jan-2019 00:00,0.0,0.0,0.0,0.0
30-Jan-2019 00:00,31-Jan-2019 00:00,0.0,0.0,0.0,0.0
31-Jan-2019 00:00,01-Feb-2019 00:00,0.0,0.0,0.0,0.0
01-Feb-2019 00:00,02-Feb-2019 00:00,0.0,0.0,0.0,0.0
02-Feb-2019 00:00,03-Feb-2019 00:00,0.0,0.0,0.0,0.0
03-Feb-2019 00:00,04-Feb-2019 00:00,0.0,0.0,0.0,0.0
04-Feb-2019 00:00,05-Feb-2019 00:00,0.0,0.0,0.0,0.0
05-Feb-2019 00:00,06-Feb-2019 00:00,0.0,0.0,0.0,0.0
06-Feb-2019 00:00,07-Feb-2019 00:00,0.0,0.0,3.0,1866.0
07-Feb-2019 00:00,08-Feb-2019 00:00,0.0,0.0,0.0,2447.0
08-Feb-2019 00:00,09-Feb-2019 00:00,0.0,0.0,3.0,2383.0
09-Feb-2019 00:00,10-Feb-2019 00:00,0.0,0.0,6.0,4045.95129324739
10-Feb-2019 00:00,11-Feb-2019 00:00,0.0,0.0,5.0,5946.04870675261
11-Feb-2019 00:00,12-Feb-2019 00:00,0.0,0.0,1.0,7423.0
12-Feb-2019 00:00,13-Feb-2019 00:00,0.0,0.0,0.0,2435.0
13-Feb-2019 00:00,14-Feb-2019 00:00,0.0,0.0,4.0,4255.0
14-Feb-2019 00:00,15-Feb-2019 00:00,0.0,0.0,5.0,2787.0
15-Feb-2019 00:00,16-Feb-2019 00:00,0.0,0.0,3.0,6128.0
16-Feb-2019 00:00,17-Feb-2019 00:00,0.0,0.0,7.0,4823.0
17-Feb-2019 00:00,18-Feb-2019 00:00,0.0,0.0,6.0,3079.0
18-Feb-2019 00:00,19-Feb-2019 00:00,0.0,0.0,1.0,3540.0
19-Feb-2019 00:00,20-Feb-2019 00:00,0.0,0.0,3.0,5769.0
20-Feb-2019 00:00,21-Feb-2019 00:00,0.0,0.0,9.0,6455.09000765663
21-Feb-2019 00:00,22-Feb-2019 00:00,0.0,0.0,7.0,3898.90999234337
22-Feb-2019 00:00,23-Feb-2019 00:00,0.0,0.0,2.0,4623.0
23-Feb-2019 00:00,24-Feb-2019 00:00,0.0,0.0,8.0,6053.0
24-Feb-2019 00:00,25-Feb-2019 00:00,0.0,0.0,5.0,2361.0
25-Feb-2019 00:00,26-Feb-2019 00:00,0.0,0.0,2.0,3208.0
26-Feb-2019 00:00,27-Feb-2019 00:00,0.0,0.0,0.0,21.0
27-Feb-2019 00:00,28-Feb-2019 00:00,0.0,0.0,4.0,3884.0
28-Feb-2019 00:00,01-Mar-2019 00:00,0.0,0.0,7.0,4785.0
01-Mar-2019 00:00,02-Mar-2019 00:00,0.0,0.0,4.0,5851.0
02-Mar-2019 00:00,03-Mar-2019 00:00,0.0,0.0,1.0,4198.0
03-Mar-2019 00:00,04-Mar-2019 00:00,0.0,0.0,0.0,3876.0
04-Mar-2019 00:00,05-Mar-2019 00:00,0.0,0.0,1.0,5094.0
05-Mar-2019 00:00,06-Mar-2019 00:00,0.0,0.0,3.0,6479.0
06-Mar-2019 00:00,07-Mar-2019 00:00,0.0,0.0,0.0,1218.0
07-Mar-2019 00:00,08-Mar-2019 00:00,0.0,0.0,11.0,8916.0
08-Mar-2019 00:00,09-Mar-2019 00:00,0.0,0.0,1.0,2526.0
09-Mar-2019 00:00,10-Mar-2019 00:00,0.0,0.0,3.0,4128.0
10-Mar-2019 00:00,11-Mar-2019 00:00,0.0,0.0,6.0,3610.0
11-Mar-2019 00:00,12-Mar-2019 00:00,0.0,0.0,4.0,2969.0
12-Mar-2019 00:00,13-Mar-2019 00:00,0.0,0.0,11.0,5370.0
13-Mar-2019 00:00,14-Mar-2019 00:00,0.0,0.0,0.0,41.0
14-Mar-2019 00:00,15-Mar-2019 00:00,0.0,0.0,0.0,463.0
15-Mar-2019 00:00,16-Mar-2019 00:00,0.0,0.0,2.0,3313.0
16-Mar-2019 00:00,17-Mar-2019 00:00,0.0,0.0,2.0,1770.0
17-Mar-2019 00:00,18-Mar-2019 00:00,0.0,0.0,4.0,2519.0
18-Mar-2019 00:00,19-Mar-2019 00:00,0.0,0.0,1.0,2962.0
19-Mar-2019 00:00,20-Mar-2019 00:00,0.0,0.0,2.0,3130.0
20-Mar-2019 00:00,21-Mar-2019 00:00,0.0,0.0,5.0,8122.0
21-Mar-2019 00:00,22-Mar-2019 00:00,0.0,0.0,1.0,2298.0
22-Mar-2019 00:00,23-Mar-2019 00:00,0.0,0.0,2.0,4746.0
23-Mar-2019 00:00,24-Mar-2019 00:00,0.0,0.0,0.0,858.0
24-Mar-2019 00:00,25-Mar-2019 00:00,0.0,0.0,4.0,3076.0
25-Mar-2019 00:00,26-Mar-2019 00:00,0.0,0.0,1.0,6267.0
26-Mar-2019 00:00,27-Mar-2019 00:00,0.0,0.0,5.0,5191.0
27-Mar-2019 00:00,28-Mar-2019 00:00,0.0,0.0,6.0,6078.0
28-Mar-2019 00:00,29-Mar-2019 00:00,0.0,0.0,2.0,3267.0
29-Mar-2019 00:00,30-Mar-2019 00:00,0.0,0.0,4.0,4608.0
30-Mar-2019 00:00,31-Mar-2019 00:00,0.0,0.0,5.0,8193.0
31-Mar-2019 00:00,01-Apr-2019 00:00,0.0,0.0,8.0,1936.0
01-Apr-2019 00:00,02-Apr-2019 00:00,0.0,0.0,5.0,5730.0
02-Apr-2019 00:00,03-Apr-2019 00:00,0.0,0.0,8.0,6615.0
03-Apr-2019 00:00,04-Apr-2019 00:00,0.0,0.0,2.0,3212.0
04-Apr-2019 00:00,05-Apr-2019 00:00,0.0,0.0,21.0,14749.0
05-Apr-2019 00:00,06-Apr-2019 00:00,0.0,0.0,1.0,1683.0
06-Apr-2019 00:00,07-Apr-2019 00:00,0.0,0.0,8.0,13181.0
07-Apr-2019 00:00,08-Apr-2019 00:00,0.0,0.0,4.0,7362.0
08-Apr-2019 00:00,09-Apr-2019 00:00,0.0,0.0,3.0,5587.0
09-Apr-2019 00:00,10-Apr-2019 00:00,0.0,0.0,3.0,4507.0
10-Apr-2019 00:00,11-Apr-2019 00:00,0.0,0.0,0.0,3872.0
11-Apr-2019 00:00,12-Apr-2019 00:00,0.0,0.0,1.0,4559.0
12-Apr-2019 00:00,13-Apr-2019 00:00,0.0,0.0,2.0,4837.0
13-Apr-2019 00:00,14-Apr-2019 00:00,0.0,0.0,6.0,3646.0
14-Apr-2019 00:00,15-Apr-2019 00:00,0.0,0.0,0.0,0.0
15-Apr-2019 00:00,16-Apr-2019 00:00,0.0,0.0,2.0,1378.0
16-Apr-2019 00:00,17-Apr-2019 00:00,0.0,0.0,2.0,2023.0
17-Apr-2019 00:00,18-Apr-2019 00:00,0.0,0.0,0.0,4325.0
18-Apr-2019 00:00,19-Apr-2019 00:00,0.0,0.0,3.0,3006.0
19-Apr-2019 00:00,20-Apr-2019 00:00,0.0,0.0,24.0,9644.0
20-Apr-2019 00:00,21-Apr-2019 00:00,0.0,0.0,4.0,945.0
21-Apr-2019 00:00,22-Apr-2019 00:00,0.0,0.0,4.0,6219.0
22-Apr-2019 00:00,23-Apr-2019 00:00,0.0,0.0,0.0,2372.0
23-Apr-2019 00:00,24-Apr-2019 00:00,0.0,0.0,4.0,6108.0
24-Apr-2019 00:00,25-Apr-2019 00:00,0.0,0.0,0.0,2628.0
25-Apr-2019 00:00,26-Apr-2019 00:00,0.0,0.0,21.0,11707.0
26-Apr-2019 00:00,27-Apr-2019 00:00,0.0,0.0,0.0,6630.0
27-Apr-2019 00:00,28-Apr-2019 00:00,0.0,0.0,0.0,242.0
28-Apr-2019 00:00,29-Apr-2019 00:00,0.0,0.0,0.0,3686.07607455955
29-Apr-2019 00:00,30-Apr-2019 00:00,0.0,0.0,9.0,4027.92392544045
30-Apr-2019 00:00,01-May-2019 00:00,0.0,0.0,9.0,10946.0
01-May-2019 00:00,02-May-2019 00:00,0.0,0.0,19.0,11910.0
02-May-2019 00:00,03-May-2019 00:00,0.0,0.0,3.0,1340.0
03-May-2019 00:00,04-May-2019 00:00,0.0,0.0,4.0,6854.0
04-May-2019 00:00,05-May-2019 00:00,0.0,0.0,7.0,7276.0
05-May-2019 00:00,06-May-2019 00:00,0.0,0.0,1.0,3994.0
06-May-2019 00:00,07-May-2019 00:00,0.0,0.0,7.0,2746.0
07-May-2019 00:00,08-May-2019 00:00,0.0,0.0,4.0,8876.0
08-May-2019 00:00,09-May-2019 00:00,0.0,0.0,0.0,370.0
09-May-2019 00:00,10-May-2019 00:00,0.0,0.0,0.0,881.0
10-May-2019 00:00,11-May-2019 00:00,0.0,0.0,14.0,5546.0
11-May-2019 00:00,12-May-2019 00:00,0.0,0.0,0.0,2856.0
12-May-2019 00:00,13-May-2019 00:00,0.0,0.0,7.0,4799.0
13-May-2019 00:00,14-May-2019 00:00,0.0,0.0,22.0,12387.0
14-May-2019 00:00,15-May-2019 00:00,0.0,0.0,5.0,5733.0
15-May-2019 00:00,16-May-2019 00:00,0.0,0.0,1.0,4624.0
16-May-2019 00:00,17-May-2019 00:00,0.0,0.0,6.0,5310.0
17-May-2019 00:00,18-May-2019 00:00,0.0,0.0,10.0,6242.0
18-May-2019 00:00,19-May-2019 00:00,0.0,0.0,2.0,3057.0
19-May-2019 00:00,20-May-2019 00:00,0.0,0.0,3.0,3666.0
20-May-2019 00:00,21-May-2019 00:00,0.0,0.0,14.0,2476.0
21-May-2019 00:00,22-May-2019 00:00,0.0,0.0,65.0,8571.0
22-May-2019 00:00,23-May-2019 00:00,0.0,0.0,73.0,15209.8822047333
23-May-2019 00:00,24-May-2019 00:00,0.0,0.0,40.0,14522.1177952667
24-May-2019 00:00,25-May-2019 00:00,0.0,0.0,44.0,18040.0
25-May-2019 00:00,26-May-2019 00:00,0.0,0.0,29.0,20015.5404292687
26-May-2019 00:00,27-May-2019 00:00,0.0,0.0,14.0,6903.53656014829
27-May-2019 00:00,28-May-2019 00:00,0.0,0.0,4.0,9339.92301058298
28-May-2019 00:00,29-May-2019 00:00,0.0,0.0,201.0,16308.0751784292
29-May-2019 00:00,30-May-2019 00:00,0.0,0.0,280.0,20331.8049117558
30-May-2019 00:00,31-May-2019 00:00,0.0,0.0,217.0,18178.5052675759
31-May-2019 00:00,01-Jun-2019 00:00,0.0,0.0,80.0,8849.3411025665
01-Jun-2019 00:00,02-Jun-2019 00:00,0.0,0.0,3.0,9141.27353967253
02-Jun-2019 00:00,03-Jun-2019 00:00,0.0,0.0,14.0,4954.0
03-Jun-2019 00:00,04-Jun-2019 00:00,0.0,0.0,35.0,12112.0
04-Jun-2019 00:00,05-Jun-2019 00:00,0.0,0.0,26.0,8239.75795940062
05-Jun-2019 00:00,06-Jun-2019 00:00,0.0,0.0,4.0,10637.2420405994
06-Jun-2019 00:00,07-Jun-2019 00:00,0.0,0.0,7.0,8188.13851133136
07-Jun-2019 00:00,08-Jun-2019 00:00,0.0,0.0,0.0,5138.86148866864
08-Jun-2019 00:00,09-Jun-2019 00:00,0.0,0.0,1.0,8528.0
09-Jun-2019 00:00,10-Jun-2019 00:00,0.0,0.0,0.0,530.0
10-Jun-2019 00:00,11-Jun-2019 00:00,0.0,0.0,4.0,3106.0
11-Jun-2019 00:00,12-Jun-2019 00:00,0.0,0.0,9.0,4707.0
12-Jun-2019 00:00,13-Jun-2019 00:00,0.0,0.0,12.0,9141.0
13-Jun-2019 00:00,14-Jun-2019 00:00,0.0,0.0,0.0,3220.0
14-Jun-2019 00:00,15-Jun-2019 00:00,0.0,0.0,12.0,11116.0
15-Jun-2019 00:00,16-Jun-2019 00:00,0.0,0.0,15.0,6715.0
16-Jun-2019 00:00,17-Jun-2019 00:00,0.0,0.0,1.0,3122.0
17-Jun-2019 00:00,18-Jun-2019 00:00,0.0,0.0,14.0,7969.0
18-Jun-2019 00:00,19-Jun-2019 00:00,0.0,0.0,2.0,4005.0
19-Jun-2019 00:00,20-Jun-2019 00:00,0.0,0.0,4.0,5258.0
20-Jun-2019 00:00,21-Jun-2019 00:00,0.0,0.0,8.0,5064.0
21-Jun-2019 00:00,22-Jun-2019 00:00,0.0,0.0,10.0,4894.0
22-Jun-2019 00:00,23-Jun-2019 00:00,0.0,0.0,42.0,6951.0
23-Jun-2019 00:00,24-Jun-2019 00:00,0.0,0.0,6.0,5877.0
24-Jun-2019 00:00,25-Jun-2019 00:00,0.0,0.0,4.0,3262.0
25-Jun-2019 00:00,26-Jun-2019 00:00,0.0,0.0,2.0,4517.0
26-Jun-2019 00:00,27-Jun-2019 00:00,0.0,0.0,3.0,6276.0
27-Jun-2019 00:00,28-Jun-2019 00:00,0.0,0.0,36.0,4445.0
28-Jun-2019 00:00,29-Jun-2019 00:00,0.0,0.0,2.0,2952.0
29-Jun-2019 00:00,30-Jun-2019 00:00,0.0,0.0,2.0,5502.0
30-Jun-2019 00:00,01-Jul-2019 00:00,0.0,0.0,9.0,14307.0
01-Jul-2019 00:00,02-Jul-2019 00:00,0.0,0.0,35.0,7735.0
02-Jul-2019 00:00,03-Jul-2019 00:00,0.0,0.0,12.0,4947.0
03-Jul-2019 00:00,04-Jul-2019 00:00,0.0,0.0,5.0,3882.0
04-Jul-2019 00:00,05-Jul-2019 00:00,0.0,0.0,15.0,5427.0
05-Jul-2019 00:00,06-Jul-2019 00:00,0.0,0.0,7.0,3852.0
06-Jul-2019 00:00,07-Jul-2019 00:00,0.0,0.0,4.0,3630.0
07-Jul-2019 00:00,08-Jul-2019 00:00,0.0,0.0,6.0,4223.0
08-Jul-2019 00:00,09-Jul-2019 00:00,0.0,0.0,2.0,4126.0
09-Jul-2019 00:00,10-Jul-2019 00:00,0.0,0.0,8.0,6263.0
10-Jul-2019 00:00,11-Jul-2019 00:00,0.0,0.0,11.0,3720.0
11-Jul-2019 00:00,12-Jul-2019 00:00,0.0,0.0,17.0,2589.0
12-Jul-2019 00:00,13-Jul-2019 00:00,0.0,0.0,20.0,7467.0
13-Jul-2019 00:00,14-Jul-2019 00:00,0.0,0.0,2.0,2679.8754319969
14-Jul-2019 00:00,15-Jul-2019 00:00,0.0,0.0,30.0,7376.19711391951
15-Jul-2019 00:00,16-Jul-2019 00:00,0.0,0.0,9.0,5248.92745408359
16-Jul-2019 00:00,17-Jul-2019 00:00,0.0,0.0,2.0,1237.0
17-Jul-2019 00:00,18-Jul-2019 00:00,0.0,0.0,6.0,2389.0
18-Jul-2019 00:00,19-Jul-2019 00:00,0.0,0.0,13.0,4158.0
19-Jul-2019 00:00,20-Jul-2019 00:00,0.0,0.0,58.0,7560.0
20-Jul-2019 00:00,21-Jul-2019 00:00,0.0,0.0,4.0,4032.0
21-Jul-2019 00:00,22-Jul-2019 00:00,0.0,0.0,10.0,3629.0
22-Jul-2019 00:00,23-Jul-2019 00:00,0.0,0.0,4.0,5339.0
23-Jul-2019 00:00,24-Jul-2019 00:00,0.0,0.0,2.0,1569.0
24-Jul-2019 00:00,25-Jul-2019 00:00,0.0,0.0,3.0,1521.0
25-Jul-2019 00:00,26-Jul-2019 00:00,0.0,0.0,1.0,3971.0
26-Jul-2019 00:00,27-Jul-2019 00:00,0.0,0.0,59.0,8993.00190380976
27-Jul-2019 00:00,28-Jul-2019 00:00,0.0,0.0,6.0,3975.99809619024
28-Jul-2019 00:00,29-Jul-2019 00:00,0.0,0.0,0.0,2727.5818747324
29-Jul-2019 00:00,30-Jul-2019 00:00,0.0,0.0,5.0,4213.4181252676
30-Jul-2019 00:00,31-Jul-2019 00:00,0.0,0.0,5.0,2373.0
31-Jul-2019 00:00,01-Aug-2019 00:00,0.0,0.0,5.0,2838.0
01-Aug-2019 00:00,02-Aug-2019 00:00,0.0,0.0,3.0,673.0
02-Aug-2019 00:00,03-Aug-2019 00:00,0.0,0.0,4.0,2733.0
03-Aug-2019 00:00,04-Aug-2019 00:00,0.0,0.0,8.0,3142.0
04-Aug-2019 00:00,05-Aug-2019 00:00,0.0,0.0,10.0,7774.35436994996
05-Aug-2019 00:00,06-Aug-2019 00:00,0.0,0.0,7.0,6025.64563005004
06-Aug-2019 00:00,07-Aug-2019 00:00,0.0,0.0,4.0,2745.0
07-Aug-2019 00:00,08-Aug-2019 00:00,0.0,0.0,0.0,1368.0
08-Aug-2019 00:00,09-Aug-2019 00:00,0.0,0.0,9.0,1569.0
09-Aug-2019 00:00,10-Aug-2019 00:00,0.0,0.0,8.0,8674.0
10-Aug-2019 00:00,11-Aug-2019 00:00,0.0,0.0,6.0,3139.0
11-Aug-2019 00:00,12-Aug-2019 00:00,0.0,0.0,14.0,6411.0
12-Aug-2019 00:00,13-Aug-2019 00:00,0.0,0.0,5.0,3483.0
13-Aug-2019 00:00,14-Aug-2019 00:00,0.0,0.0,7.0,3585.0
14-Aug-2019 00:00,15-Aug-2019 00:00,0.0,0.0,6.0,6495.0
15-Aug-2019 00:00,16-Aug-2019 00:00,0.0,0.0,33.0,17180.0
16-Aug-2019 00:00,17-Aug-2019 00:00,0.0,0.0,6.0,9559.0
17-Aug-2019 00:00,18-Aug-2019 00:00,0.0,0.0,13.0,5188.0
18-Aug-2019 00:00,19-Aug-2019 00:00,0.0,0.0,1.0,2525.0
19-Aug-2019 00:00,20-Aug-2019 00:00,0.0,0.0,6.0,4661.0
20-Aug-2019 00:00,21-Aug-2019 00:00,0.0,0.0,5.0,1985.0
21-Aug-2019 00:00,22-Aug-2019 00:00,0.0,0.0,2.0,753.0
22-Aug-2019 00:00,23-Aug-2019 00:00,0.0,0.0,5.0,3468.0
23-Aug-2019 00:00,24-Aug-2019 00:00,0.0,0.0,6.0,3573.0
24-Aug-2019 00:00,25-Aug-2019 00:00,0.0,0.0,11.0,7609.0
25-Aug-2019 00:00,26-Aug-2019 00:00,0.0,0.0,7.0,3820.0
26-Aug-2019 00:00,27-Aug-2019 00:00,0.0,0.0,8.0,8167.0
27-Aug-2019 00:00,28-Aug-2019 00:00,0.0,0.0,2.0,3471.0
28-Aug-2019 00:00,29-Aug-2019 00:00,0.0,0.0,3.0,2904.0
29-Aug-2019 00:00,30-Aug-2019 00:00,0.0,0.0,19.0,5057.0
30-Aug-2019 00:00,31-Aug-2019 00:00,0.0,0.0,4.0,4320.0
31-Aug-2019 00:00,01-Sep-2019 00:00,0.0,0.0,1.0,1502.0
01-Sep-2019 00:00,02-Sep-2019 00:00,0.0,0.0,5.0,8215.0
02-Sep-2019 00:00,03-Sep-2019 00:00,0.0,0.0,0.0,157.0
03-Sep-2019 00:00,04-Sep-2019 00:00,0.0,0.0,2.0,235.0
04-Sep-2019 00:00,05-Sep-2019 00:00,0.0,0.0,0.0,3450.0
05-Sep-2019 00:00,06-Sep-2019 00:00,0.0,0.0,2.0,1942.0
06-Sep-2019 00:00,07-Sep-2019 00:00,0.0,0.0,0.0,928.0
07-Sep-2019 00:00,08-Sep-2019 00:00,0.0,0.0,5.0,2492.0
08-Sep-2019 00:00,09-Sep-2019 00:00,0.0,0.0,2.0,4250.0
09-Sep-2019 00:00,10-Sep-2019 00:00,0.0,0.0,6.0,4322.0
10-Sep-2019 00:00,11-Sep-2019 00:00,0.0,0.0,35.0,6988.0
11-Sep-2019 00:00,12-Sep-2019 00:00,0.0,0.0,11.0,3584.0
12-Sep-2019 00:00,13-Sep-2019 00:00,0.0,0.0,2.0,1695.0
13-Sep-2019 00:00,14-Sep-2019 00:00,0.0,0.0,14.0,6494.0
14-Sep-2019 00:00,15-Sep-2019 00:00,0.0,0.0,23.0,5939.0
15-Sep-2019 00:00,16-Sep-2019 00:00,0.0,0.0,34.0,21738.0
16-Sep-2019 00:00,17-Sep-2019 00:00,0.0,0.0,23.0,8901.0
17-Sep-2019 00:00,18-Sep-2019 00:00,0.0,0.0,14.0,6283.0
18-Sep-2019 00:00,19-Sep-2019 00:00,0.0,0.0,13.0,10138.0
19-Sep-2019 00:00,20-Sep-2019 00:00,0.0,0.0,5.0,1527.0
20-Sep-2019 00:00,21-Sep-2019 00:00,0.0,0.0,25.0,7298.0
21-Sep-2019 00:00,22-Sep-2019 00:00,0.0,0.0,14.0,3605.0
22-Sep-2019 00:00,23-Sep-2019 00:00,0.0,0.0,0.0,3010.0
23-Sep-2019 00:00,24-Sep-2019 00:00,0.0,0.0,3.0,5024.0
24-Sep-2019 00:00,25-Sep-2019 00:00,0.0,0.0,10.0,6384.0
25-Sep-2019 00:00,26-Sep-2019 00:00,0.0,0.0,6.0,4740.0
26-Sep-2019 00:00,27-Sep-2019 00:00,0.0,0.0,1.0,1743.0
27-Sep-2019 00:00,28-Sep-2019 00:00,0.0,0.0,66.0,7798.0
28-Sep-2019 00:00,29-Sep-2019 00:00,0.0,0.0,10.0,6028.0
29-Sep-2019 00:00,30-Sep-2019 00:00,0.0,0.0,19.0,7801.0
30-Sep-2019 00:00,01-Oct-2019 00:00,0.0,0.0,18.0,7403.0
01-Oct-2019 00:00,02-Oct-2019 00:00,0.0,0.0,21.0,5694.0
02-Oct-2019 00:00,03-Oct-2019 00:00,0.0,0.0,5.0,2612.0
03-Oct-2019 00:00,04-Oct-2019 00:00,0.0,0.0,1.0,1729.0
04-Oct-2019 00:00,05-Oct-2019 00:00,0.0,0.0,9.0,4028.0
05-Oct-2019 00:00,06-Oct-2019 00:00,0.0,0.0,7.0,3300.0
06-Oct-2019 00:00,07-Oct-2019 00:00,0.0,0.0,13.0,4526.0
07-Oct-2019 00:00,08-Oct-2019 00:00,0.0,0.0,0.0,179.0
08-Oct-2019 00:00,09-Oct-2019 00:00,0.0,0.0,2.0,3629.0
09-Oct-2019 00:00,10-Oct-2019 00:00,0.0,0.0,10.0,3278.0
10-Oct-2019 00:00,11-Oct-2019 00:00,0.0,0.0,0.0,1026.0
11-Oct-2019 00:00,12-Oct-2019 00:00,0.0,0.0,0.0,0.0
12-Oct-2019 00:00,13-Oct-2019 00:00,0.0,0.0,0.0,0.0
13-Oct-2019 00:00,14-Oct-2019 00:00,0.0,0.0,0.0,0.0
14-Oct-2019 00:00,15-Oct-2019 00:00,0.0,0.0,0.0,0.0
15-Oct-2019 00:00,16-Oct-2019 00:00,0.0,0.0,0.0,0.0
16-Oct-2019 00:00,17-Oct-2019 00:00,0.0,0.0,0.0,0.0
17-Oct-2019 00:00,18-Oct-2019 00:00,0.0,0.0,0.0,0.0
18-Oct-2019 00:00,19-Oct-2019 00:00,0.0,0.0,0.0,0.0
19-Oct-2019 00:00,20-Oct-2019 00:00,0.0,0.0,0.0,0.0
20-Oct-2019 00:00,21-Oct-2019 00:00,0.0,0.0,0.0,0.0
21-Oct-2019 00:00,22-Oct-2019 00:00,0.0,0.0,0.0,0.0
22-Oct-2019 00:00,23-Oct-2019 00:00,0.0,0.0,0.0,0.0
23-Oct-2019 00:00,24-Oct-2019 00:00,0.0,0.0,0.0,0.0
24-Oct-2019 00:00,25-Oct-2019 00:00,0.0,0.0,0.0,0.0
25-Oct-2019 00:00,26-Oct-2019 00:00,0.0,0.0,0.0,0.0
26-Oct-2019 00:00,27-Oct-2019 00:00,0.0,0.0,0.0,0.0
27-Oct-2019 00:00,28-Oct-2019 00:00,0.0,0.0,0.0,0.0
28-Oct-2019 00:00,29-Oct-2019 00:00,0.0,0.0,0.0,0.0
29-Oct-2019 00:00,30-Oct-2019 00:00,0.0,0.0,0.0,0.0
30-Oct-2019 00:00,31-Oct-2019 00:00,0.0,0.0,0.0,0.0
31-Oct-2019 00:00,01-Nov-2019 00:00,0.0,0.0,0.0,0.0
01-Nov-2019 00:00,02-Nov-2019 00:00,0.0,0.0,0.0,0.0
02-Nov-2019 00:00,03-Nov-2019 00:00,0.0,0.0,0.0,0.0
03-Nov-2019 00:00,04-Nov-2019 00:00,0.0,0.0,0.0,0.0
04-Nov-2019 00:00,05-Nov-2019 00:00,0.0,0.0,0.0,0.0
05-Nov-2019 00:00,06-Nov-2019 00:00,0.0,0.0,0.0,0.0
06-Nov-2019 00:00,07-Nov-2019 00:00,0.0,0.0,0.0,0.0
07-Nov-2019 00:00,08-Nov-2019 00:00,0.0,0.0,0.0,0.0
08-Nov-2019 00:00,09-Nov-2019 00:00,0.0,0.0,0.0,0.0
09-Nov-2019 00:00,10-Nov-2019 00:00,0.0,0.0,0.0,0.0
10-Nov-2019 00:00,11-Nov-2019 00:00,0.0,0.0,0.0,0.0
11-Nov-2019 00:00,12-Nov-2019 00:00,0.0,0.0,0.0,0.0
12-Nov-2019 00:00,13-Nov-2019 00:00,0.0,0.0,0.0,0.0
13-Nov-2019 00:00,14-Nov-2019 00:00,0.0,0.0,0.0,0.0
14-Nov-2019 00:00,15-Nov-2019 00:00,0.0,0.0,0.0,0.0
15-Nov-2019 00:00,16-Nov-2019 00:00,0.0,0.0,0.0,0.0
16-Nov-2019 00:00,17-Nov-2019 00:00,0.0,0.0,0.0,0.0
17-Nov-2019 00:00,18-Nov-2019 00:00,0.0,0.0,0.0,0.0
18-Nov-2019 00:00,19-Nov-2019 00:00,0.0,0.0,0.0,0.0
19-Nov-2019 00:00,20-Nov-2019 00:00,0.0,0.0,0.0,0.0
20-Nov-2019 00:00,21-Nov-2019 00:00,0.0,0.0,0.0,0.0
21-Nov-2019 00:00,22-Nov-2019 00:00,0.0,0.0,0.0,0.0
22-Nov-2019 00:00,23-Nov-2019 00:00,0.0,0.0,0.0,0.0
23-Nov-2019 00:00,24-Nov-2019 00:00,0.0,0.0,0.0,0.0
24-Nov-2019 00:00,25-Nov-2019 00:00,0.0,0.0,0.0,0.0
25-Nov-2019 00:00,26-Nov-2019 00:00,0.0,0.0,0.0,0.0
26-Nov-2019 00:00,27-Nov-2019 00:00,0.0,0.0,0.0,0.0
27-Nov-2019 00:00,28-Nov-2019 00:00,0.0,0.0,0.0,0.0
28-Nov-2019 00:00,29-Nov-2019 00:00,0.0,0.0,0.0,0.0
29-Nov-2019 00:00,30-Nov-2019 00:00,0.0,0.0,0.0,0.0
30-Nov-2019 00:00,01-Dec-2019 00:00,0.0,0.0,0.0,0.0
01-Dec-2019 00:00,02-Dec-2019 00:00,0.0,0.0,0.0,0.0
02-Dec-2019 00:00,03-Dec-2019 00:00,0.0,0.0,0.0,0.0
03-Dec-2019 00:00,04-Dec-2019 00:00,0.0,0.0,0.0,0.0
04-Dec-2019 00:00,05-Dec-2019 00:00,0.0,0.0,0.0,0.0
05-Dec-2019 00:00,06-Dec-2019 00:00,0.0,0.0,0.0,0.0
06-Dec-2019 00:00,07-Dec-2019 00:00,0.0,0.0,0.0,0.0
07-Dec-2019 00:00,08-Dec-2019 00:00,0.0,0.0,0.0,0.0
08-Dec-2019 00:00,09-Dec-2019 00:00,0.0,0.0,0.0,0.0
09-Dec-2019 00:00,10-Dec-2019 00:00,0.0,0.0,0.0,0.0
10-Dec-2019 00:00,11-Dec-2019 00:00,0.0,0.0,0.0,0.0
11-Dec-2019 00:00,12-Dec-2019 00:00,0.0,0.0,0.0,0.0
12-Dec-2019 00:00,13-Dec-2019 00:00,0.0,0.0,0.0,0.0
13-Dec-2019 00:00,14-Dec-2019 00:00,0.0,0.0,0.0,0.0
14-Dec-2019 00:00,15-Dec-2019 00:00,0.0,0.0,0.0,0.0
15-Dec-2019 00:00,16-Dec-2019 00:00,0.0,0.0,0.0,0.0
16-Dec-2019 00:00,17-Dec-2019 00:00,0.0,0.0,0.0,0.0
17-Dec-2019 00:00,18-Dec-2019 00:00,0.0,0.0,0.0,0.0
18-Dec-2019 00:00,19-Dec-2019 00:00,0.0,0.0,0.0,0.0
19-Dec-2019 00:00,20-Dec-2019 00:00,0.0,0.0,0.0,0.0
20-Dec-2019 00:00,21-Dec-2019 00:00,0.0,0.0,0.0,0.0
21-Dec-2019 00:00,22-Dec-2019 00:00,0.0,0.0,0.0,0.0
22-Dec-2019 00:00,23-Dec-2019 00:00,0.0,0.0,0.0,0.0
23-Dec-2019 00:00,24-Dec-2019 00:00,0.0,0.0,0.0,0.0
24-Dec-2019 00:00,25-Dec-2019 00:00,0.0,0.0,0.0,0.0
25-Dec-2019 00:00,26-Dec-2019 00:00,0.0,0.0,0.0,0.0
26-Dec-2019 00:00,27-Dec-2019 00:00,0.0,0.0,0.0,0.0
27-Dec-2019 00:00,28-Dec-2019 00:00,0.0,0.0,0.0,0.0
28-Dec-2019 00:00,29-Dec-2019 00:00,0.0,0.0,0.0,0.0
29-Dec-2019 00:00,30-Dec-2019 00:00,0.0,0.0,0.0,0.0
30-Dec-2019 00:00,31-Dec-2019 00:00,0.0,0.0,0.0,0.0
31-Dec-2019 00:00,01-Jan-2020 00:00,0.0,0.0,0.0,0.0
01-Jan-2020 00:00,02-Jan-2020 00:00,0.0,0.0,0.0,0.0
02-Jan-2020 00:00,03-Jan-2020 00:00,0.0,0.0,0.0,0.0
03-Jan-2020 00:00,04-Jan-2020 00:00,0.0,0.0,0.0,0.0
04-Jan-2020 00:00,05-Jan-2020 00:00,0.0,0.0,0.0,0.0
05-Jan-2020 00:00,06-Jan-2020 00:00,0.0,0.0,0.0,0.0
06-Jan-2020 00:00,07-Jan-2020 00:00,0.0,0.0,0.0,0.0
07-Jan-2020 00:00,08-Jan-2020 00:00,0.0,0.0,0.0,0.0
08-Jan-2020 00:00,09-Jan-2020 00:00,0.0,0.0,0.0,0.0
09-Jan-2020 00:00,10-Jan-2020 00:00,0.0,0.0,0.0,0.0
10-Jan-2020 00:00,11-Jan-2020 00:00,0.0,0.0,0.0,0.0
11-Jan-2020 00:00,12-Jan-2020 00:00,0.0,0.0,0.0,0.0
12-Jan-2020 00:00,13-Jan-2020 00:00,0.0,0.0,0.0,0.0
13-Jan-2020 00:00,14-Jan-2020 00:00,0.0,0.0,0.0,0.0
14-Jan-2020 00:00,15-Jan-2020 00:00,0.0,0.0,0.0,0.0
15-Jan-2020 00:00,16-Jan-2020 00:00,0.0,0.0,0.0,0.0
16-Jan-2020 00:00,17-Jan-2020 00:00,0.0,0.0,0.0,0.0
17-Jan-2020 00:00,18-Jan-2020 00:00,0.0,0.0,0.0,0.0
18-Jan-2020 00:00,19-Jan-2020 00:00,0.0,0.0,0.0,0.0
19-Jan-2020 00:00,20-Jan-2020 00:00,0.0,0.0,0.0,0.0
20-Jan-2020 00:00,21-Jan-2020 00:00,0.0,0.0,0.0,0.0
21-Jan-2020 00:00,22-Jan-2020 00:00,0.0,0.0,0.0,0.0
22-Jan-2020 00:00,23-Jan-2020 00:00,0.0,0.0,0.0,0.0
23-Jan-2020 00:00,24-Jan-2020 00:00,0.0,0.0,0.0,0.0
24-Jan-2020 00:00,25-Jan-2020 00:00,0.0,0.0,0.0,0.0
25-Jan-2020 00:00,26-Jan-2020 00:00,0.0,0.0,0.0,0.0
26-Jan-2020 00:00,27-Jan-2020 00:00,0.0,0.0,0.0,0.0
27-Jan-2020 00:00,28-Jan-2020 00:00,0.0,0.0,0.0,0.0
28-Jan-2020 00:00,29-Jan-2020 00:00,0.0,0.0,0.0,0.0
29-Jan-2020 00:00,30-Jan-2020 00:00,0.0,0.0,0.0,0.0
30-Jan-2020 00:00,31-Jan-2020 00:00,0.0,0.0,0.0,0.0
31-Jan-2020 00:00,01-Feb-2020 00:00,0.0,0.0,0.0,0.0
01-Feb-2020 00:00,02-Feb-2020 00:00,0.0,0.0,0.0,0.0
02-Feb-2020 00:00,03-Feb-2020 00:00,0.0,0.0,0.0,0.0
03-Feb-2020 00:00,04-Feb-2020 00:00,0.0,0.0,0.0,0.0
04-Feb-2020 00:00,05-Feb-2020 00:00,0.0,0.0,0.0,0.0
05-Feb-2020 00:00,06-Feb-2020 00:00,0.0,0.0,0.0,0.0
06-Feb-2020 00:00,07-Feb-2020 00:00,0.0,0.0,0.0,0.0
07-Feb-2020 00:00,08-Feb-2020 00:00,0.0,0.0,0.0,0.0
08-Feb-2020 00:00,09-Feb-2020 00:00,0.0,0.0,0.0,0.0
09-Feb-2020 00:00,10-Feb-2020 00:00,0.0,0.0,0.0,0.0
10-Feb-2020 00:00,11-Feb-2020 00:00,0.0,0.0,0.0,0.0
11-Feb-2020 00:00,12-Feb-2020 00:00,0.0,0.0,0.0,0.0
12-Feb-2020 00:00,13-Feb-2020 00:00,0.0,0.0,0.0,0.0
13-Feb-2020 00:00,14-Feb-2020 00:00,0.0,0.0,0.0,0.0
14-Feb-2020 00:00,15-Feb-2020 00:00,0.0,0.0,0.0,0.0
15-Feb-2020 00:00,16-Feb-2020 00:00,0.0,0.0,0.0,0.0
16-Feb-2020 00:00,17-Feb-2020 00:00,0.0,0.0,0.0,0.0
17-Feb-2020 00:00,18-Feb-2020 00:00,0.0,0.0,0.0,0.0
18-Feb-2020 00:00,19-Feb-2020 00:00,0.0,0.0,0.0,0.0
19-Feb-2020 00:00,20-Feb-2020 00:00,0.0,0.0,0.0,0.0
20-Feb-2020 00:00,21-Feb-2020 00:00,0.0,0.0,0.0,0.0
21-Feb-2020 00:00,22-Feb-2020 00:00,0.0,0.0,0.0,0.0
22-Feb-2020 00:00,23-Feb-2020 00:00,0.0,0.0,0.0,0.0
23-Feb-2020 00:00,24-Feb-2020 00:00,0.0,0.0,0.0,0.0
24-Feb-2020 00:00,25-Feb-2020 00:00,0.0,0.0,0.0,0.0
25-Feb-2020 00:00,26-Feb-2020 00:00,0.0,0.0,0.0,0.0
26-Feb-2020 00:00,27-Feb-2020 00:00,0.0,0.0,0.0,0.0
27-Feb-2020 00:00,28-Feb-2020 00:00,0.0,0.0,0.0,0.0
28-Feb-2020 00:00,29-Feb-2020 00:00,0.0,0.0,0.0,0.0
29-Feb-2020 00:00,01-Mar-2020 00:00,0.0,0.0,0.0,0.0
01-Mar-2020 00:00,02-Mar-2020 00:00,0.0,0.0,0.0,0.0
02-Mar-2020 00:00,03-Mar-2020 00:00,0.0,0.0,0.0,0.0
03-Mar-2020 00:00,04-Mar-2020 00:00,0.0,0.0,0.0,0.0
04-Mar-2020 00:00,05-Mar-2020 00:00,0.0,0.0,0.0,0.0
05-Mar-2020 00:00,06-Mar-2020 00:00,0.0,0.0,0.0,0.0
06-Mar-2020 00:00,07-Mar-2020 00:00,0.0,0.0,0.0,0.0
07-Mar-2020 00:00,08-Mar-2020 00:00,0.0,0.0,0.0,0.0
08-Mar-2020 00:00,09-Mar-2020 00:00,0.0,0.0,0.0,0.0
09-Mar-2020 00:00,10-Mar-2020 00:00,0.0,0.0,0.0,0.0
10-Mar-2020 00:00,11-Mar-2020 00:00,0.0,0.0,0.0,0.0
11-Mar-2020 00:00,12-Mar-2020 00:00,0.0,0.0,0.0,0.0
12-Mar-2020 00:00,13-Mar-2020 00:00,0.0,0.0,0.0,0.0
13-Mar-2020 00:00,14-Mar-2020 00:00,0.0,0.0,0.0,0.0
14-Mar-2020 00:00,15-Mar-2020 00:00,0.0,0.0,0.0,0.0
15-Mar-2020 00:00,16-Mar-2020 00:00,0.0,0.0,0.0,0.0
16-Mar-2020 00:00,17-Mar-2020 00:00,0.0,0.0,0.0,0.0
17-Mar-2020 00:00,18-Mar-2020 00:00,0.0,0.0,0.0,0.0
18-Mar-2020 00:00,19-Mar-2020 00:00,0.0,0.0,0.0,0.0
19-Mar-2020 00:00,20-Mar-2020 00:00,0.0,0.0,0.0,0.0
20-Mar-2020 00:00,21-Mar-2020 00:00,0.0,0.0,0.0,0.0
21-Mar-2020 00:00,22-Mar-2020 00:00,0.0,0.0,0.0,0.0
22-Mar-2020 00:00,23-Mar-2020 00:00,0.0,0.0,0.0,0.0
23-Mar-2020 00:00,24-Mar-2020 00:00,0.0,0.0,0.0,0.0
24-Mar-2020 00:00,25-Mar-2020 00:00,0.0,0.0,0.0,0.0
25-Mar-2020 00:00,26-Mar-2020 00:00,0.0,0.0,0.0,0.0
26-Mar-2020 00:00,27-Mar-2020 00:00,0.0,0.0,0.0,0.0
27-Mar-2020 00:00,28-Mar-2020 00:00,0.0,0.0,0.0,0.0
28-Mar-2020 00:00,29-Mar-2020 00:00,0.0,0.0,0.0,0.0
29-Mar-2020 00:00,30-Mar-2020 00:00,0.0,0.0,0.0,0.0
30-Mar-2020 00:00,31-Mar-2020 00:00,0.0,0.0,0.0,0.0
31-Mar-2020 00:00,01-Apr-2020 00:00,0.0,0.0,0.0,0.0
01-Apr-2020 00:00,02-Apr-2020 00:00,0.0,0.0,0.0,0.0
02-Apr-2020 00:00,03-Apr-2020 00:00,0.0,0.0,0.0,0.0
03-Apr-2020 00:00,04-Apr-2020 00:00,0.0,0.0,0.0,0.0
04-Apr-2020 00:00,05-Apr-2020 00:00,0.0,0.0,0.0,0.0
05-Apr-2020 00:00,06-Apr-2020 00:00,0.0,0.0,0.0,0.0
06-Apr-2020 00:00,07-Apr-2020 00:00,0.0,0.0,0.0,0.0
07-Apr-2020 00:00,08-Apr-2020 00:00,0.0,0.0,0.0,0.0
08-Apr-2020 00:00,09-Apr-2020 00:00,0.0,0.0,0.0,0.0
09-Apr-2020 00:00,10-Apr-2020 00:00,0.0,0.0,0.0,0.0
10-Apr-2020 00:00,11-Apr-2020 00:00,0.0,0.0,0.0,55.0
11-Apr-2020 00:00,12-Apr-2020 00:00,0.0,0.0,0.0,1087.0
12-Apr-2020 00:00,13-Apr-2020 00:00,0.0,0.0,0.0,367.0
13-Apr-2020 00:00,14-Apr-2020 00:00,0.0,0.0,0.0,25314.0
14-Apr-2020 00:00,15-Apr-2020 00:00,0.0,0.0,0.0,1760.0
15-Apr-2020 00:00,16-Apr-2020 00:00,0.0,0.0,0.0,3319.0
16-Apr-2020 00:00,17-Apr-2020 00:00,0.0,0.0,10.0,5836.0
17-Apr-2020 00:00,18-Apr-2020 00:00,0.0,0.0,0.0,1710.0
18-Apr-2020 00:00,19-Apr-2020 00:00,0.0,0.0,7.0,4513.0
19-Apr-2020 00:00,20-Apr-2020 00:00,0.0,0.0,5.0,1572.0
20-Apr-2020 00:00,21-Apr-2020 00:00,0.0,0.0,0.0,5457.0
21-Apr-2020 00:00,22-Apr-2020 00:00,0.0,0.0,0.0,2492.0
22-Apr-2020 00:00,23-Apr-2020 00:00,0.0,0.0,0.0,291.0
23-Apr-2020 00:00,24-Apr-2020 00:00,0.0,0.0,0.0,161.0
24-Apr-2020 00:00,25-Apr-2020 00:00,0.0,0.0,0.0,985.0
25-Apr-2020 00:00,26-Apr-2020 00:00,0.0,0.0,0.0,2156.05069182678
26-Apr-2020 00:00,27-Apr-2020 00:00,0.0,0.0,0.0,2532.94930817322
27-Apr-2020 00:00,28-Apr-2020 00:00,0.0,0.0,0.0,113.0
28-Apr-2020 00:00,29-Apr-2020 00:00,0.0,0.0,0.0,1342.0
29-Apr-2020 00:00,30-Apr-2020 00:00,0.0,0.0,0.0,189.0
30-Apr-2020 00:00,01-May-2020 00:00,0.0,0.0,0.0,1541.0
01-May-2020 00:00,02-May-2020 00:00,0.0,0.0,4.0,4701.0
02-May-2020 00:00,03-May-2020 00:00,0.0,0.0,0.0,451.0
03-May-2020 00:00,04-May-2020 00:00,0.0,0.0,2.0,1900.0
04-May-2020 00:00,05-May-2020 00:00,0.0,0.0,0.0,3352.0
05-May-2020 00:00,06-May-2020 00:00,0.0,0.0,0.0,2242.0
06-May-2020 00:00,07-May-2020 00:00,0.0,0.0,44.0,11289.0
07-May-2020 00:00,08-May-2020 00:00,0.0,0.0,0.0,866.0
08-May-2020 00:00,09-May-2020 00:00,0.0,0.0,0.0,829.0
09-May-2020 00:00,10-May-2020 00:00,0.0,0.0,2.0,2272.0
10-May-2020 00:00,11-May-2020 00:00,0.0,0.0,2.0,4744.0
11-May-2020 00:00,12-May-2020 00:00,0.0,0.0,74.0,7750.0
12-May-2020 00:00,13-May-2020 00:00,0.0,0.0,2.0,2070.0
13-May-2020 00:00,14-May-2020 00:00,0.0,0.0,2.0,1227.0
14-May-2020 00:00,15-May-2020 00:00,0.0,0.0,7.0,5122.0
15-May-2020 00:00,16-May-2020 00:00,0.0,0.0,20.0,12009.0
16-May-2020 00:00,17-May-2020 00:00,0.0,0.0,0.0,7112.0
17-May-2020 00:00,18-May-2020 00:00,0.0,0.0,0.0,4341.0
18-May-2020 00:00,19-May-2020 00:00,0.0,0.0,5.0,3684.0
19-May-2020 00:00,20-May-2020 00:00,0.0,0.0,133.0,11504.0
20-May-2020 00:00,21-May-2020 00:00,0.0,0.0,0.0,400.0
21-May-2020 00:00,22-May-2020 00:00,0.0,0.0,1.0,2090.0
22-May-2020 00:00,23-May-2020 00:00,0.0,0.0,22.0,6793.0
23-May-2020 00:00,24-May-2020 00:00,0.0,0.0,20.0,5756.0
24-May-2020 00:00,25-May-2020 00:00,0.0,0.0,0.0,1962.0
25-May-2020 00:00,26-May-2020 00:00,0.0,0.0,0.0,4792.0
26-May-2020 00:00,27-May-2020 00:00,0.0,0.0,42.0,9752.0
27-May-2020 00:00,28-May-2020 00:00,0.0,0.0,33.0,6768.0
28-May-2020 00:00,29-May-2020 00:00,0.0,0.0,46.0,13151.0
29-May-2020 00:00,30-May-2020 00:00,0.0,0.0,28.0,13780.0
30-May-2020 00:00,31-May-2020 00:00,0.0,0.0,5.0,3638.0
31-May-2020 00:00,01-Jun-2020 00:00,0.0,0.0,33.0,12930.0
01-Jun-2020 00:00,02-Jun-2020 00:00,0.0,0.0,4.0,4031.0
02-Jun-2020 00:00,03-Jun-2020 00:00,0.0,0.0,3.0,4179.0
03-Jun-2020 00:00,04-Jun-2020 00:00,0.0,0.0,144.0,16186.0
04-Jun-2020 00:00,05-Jun-2020 00:00,0.0,0.0,22.0,14150.0
05-Jun-2020 00:00,06-Jun-2020 00:00,0.0,0.0,0.0,2699.0
06-Jun-2020 00:00,07-Jun-2020 00:00,0.0,0.0,3.0,2097.0
07-Jun-2020 00:00,08-Jun-2020 00:00,0.0,0.0,2.0,2488.0
08-Jun-2020 00:00,09-Jun-2020 00:00,0.0,0.0,6.0,6388.0
09-Jun-2020 00:00,10-Jun-2020 00:00,0.0,0.0,2.0,1179.0
10-Jun-2020 00:00,11-Jun-2020 00:00,0.0,0.0,0.0,137.0
11-Jun-2020 00:00,12-Jun-2020 00:00,0.0,0.0,0.0,1534.0
12-Jun-2020 00:00,13-Jun-2020 00:00,0.0,0.0,4.0,6670.0
13-Jun-2020 00:00,14-Jun-2020 00:00,0.0,0.0,26.0,6150.0
14-Jun-2020 00:00,15-Jun-2020 00:00,0.0,0.0,27.0,3631.0
15-Jun-2020 00:00,16-Jun-2020 00:00,0.0,0.0,4.0,3964.0
16-Jun-2020 00:00,17-Jun-2020 00:00,0.0,0.0,4.0,2095.0
17-Jun-2020 00:00,18-Jun-2020 00:00,0.0,0.0,2.0,3173.63435218493
18-Jun-2020 00:00,19-Jun-2020 00:00,0.0,0.0,24.0,4912.36564781507
19-Jun-2020 00:00,20-Jun-2020 00:00,0.0,0.0,9.0,5666.0
20-Jun-2020 00:00,21-Jun-2020 00:00,0.0,0.0,36.0,6579.0
21-Jun-2020 00:00,22-Jun-2020 00:00,0.0,0.0,1.0,4459.0
22-Jun-2020 00:00,23-Jun-2020 00:00,0.0,0.0,7.0,8509.0
23-Jun-2020 00:00,24-Jun-2020 00:00,0.0,0.0,0.0,340.0
24-Jun-2020 00:00,25-Jun-2020 00:00,0.0,0.0,6.0,3051.0
25-Jun-2020 00:00,26-Jun-2020 00:00,0.0,0.0,9.0,1811.0
26-Jun-2020 00:00,27-Jun-2020 00:00,0.0,0.0,14.0,6974.0
27-Jun-2020 00:00,28-Jun-2020 00:00,0.0,0.0,20.0,6290.0
28-Jun-2020 00:00,29-Jun-2020 00:00,0.0,0.0,0.0,1228.0
29-Jun-2020 00:00,30-Jun-2020 00:00,0.0,0.0,6.0,5711.0
30-Jun-2020 00:00,01-Jul-2020 00:00,0.0,0.0,7.0,3173.0
01-Jul-2020 00:00,02-Jul-2020 00:00,0.0,0.0,1.0,8458.0
02-Jul-2020 00:00,03-Jul-2020 00:00,0.0,0.0,14.0,7804.0
03-Jul-2020 00:00,04-Jul-2020 00:00,0.0,0.0,12.0,6342.0
04-Jul-2020 00:00,05-Jul-2020 00:00,0.0,0.0,10.0,3773.0
05-Jul-2020 00:00,06-Jul-2020 00:00,0.0,0.0,29.0,7902.0
06-Jul-2020 00:00,07-Jul-2020 00:00,0.0,0.0,3.0,4651.0
07-Jul-2020 00:00,08-Jul-2020 00:00,0.0,0.0,15.0,2263.0
08-Jul-2020 00:00,09-Jul-2020 00:00,0.0,0.0,1.0,13774.0
09-Jul-2020 00:00,10-Jul-2020 00:00,0.0,0.0,0.0,997.0
10-Jul-2020 00:00,11-Jul-2020 00:00,0.0,0.0,7.0,6521.0
11-Jul-2020 00:00,12-Jul-2020 00:00,0.0,0.0,1.0,4518.0
12-Jul-2020 00:00,13-Jul-2020 00:00,0.0,0.0,16.0,4131.0
13-Jul-2020 00:00,14-Jul-2020 00:00,0.0,0.0,22.0,10153.0
14-Jul-2020 00:00,15-Jul-2020 00:00,0.0,0.0,239.0,10526.0
15-Jul-2020 00:00,16-Jul-2020 00:00,0.0,0.0,28.0,13855.0
16-Jul-2020 00:00,17-Jul-2020 00:00,0.0,0.0,27.0,11606.0
17-Jul-2020 00:00,18-Jul-2020 00:00,0.0,0.0,13.0,13241.0
18-Jul-2020 00:00,19-Jul-2020 00:00,0.0,0.0,38.0,22310.0
19-Jul-2020 00:00,20-Jul-2020 00:00,0.0,0.0,30.0,19091.0
20-Jul-2020 00:00,21-Jul-2020 00:00,0.0,0.0,6.0,3118.0
21-Jul-2020 00:00,22-Jul-2020 00:00,0.0,0.0,238.0,13845.0
22-Jul-2020 00:00,23-Jul-2020 00:00,0.0,0.0,50.0,25168.0
23-Jul-2020 00:00,24-Jul-2020 00:00,0.0,0.0,32.0,17037.0
24-Jul-2020 00:00,25-Jul-2020 00:00,0.0,0.0,32.0,16188.0
25-Jul-2020 00:00,26-Jul-2020 00:00,0.0,0.0,53.0,13758.0
26-Jul-2020 00:00,27-Jul-2020 00:00,0.0,0.0,37.0,15251.0
27-Jul-2020 00:00,28-Jul-2020 00:00,0.0,0.0,6.0,9929.0
28-Jul-2020 00:00,29-Jul-2020 00:00,0.0,0.0,36.0,15451.0
29-Jul-2020 00:00,30-Jul-2020 00:00,0.0,0.0,23.0,18274.0
30-Jul-2020 00:00,31-Jul-2020 00:00,0.0,0.0,90.0,32947.0
31-Jul-2020 00:00,01-Aug-2020 00:00,0.0,0.0,40.0,20679.0
01-Aug-2020 00:00,02-Aug-2020 00:00,0.0,0.0,4.0,13141.0
02-Aug-2020 00:00,03-Aug-2020 00:00,0.0,0.0,13.0,16481.0
03-Aug-2020 00:00,04-Aug-2020 00:00,0.0,0.0,35.0,28831.7987193906
04-Aug-2020 00:00,05-Aug-2020 00:00,0.0,0.0,39.0,24771.2012806094
05-Aug-2020 00:00,06-Aug-2020 00:00,0.0,0.0,12.0,20108.0
06-Aug-2020 00:00,07-Aug-2020 00:00,0.0,0.0,15.0,59494.0
07-Aug-2020 00:00,08-Aug-2020 00:00,0.0,0.0,9.0,30796.0
08-Aug-2020 00:00,09-Aug-2020 00:00,0.0,0.0,20.0,45324.6722543995
09-Aug-2020 00:00,10-Aug-2020 00:00,0.0,0.0,12.0,56306.3277456005
10-Aug-2020 00:00,11-Aug-2020 00:00,0.0,0.0,4.0,23154.0
11-Aug-2020 00:00,12-Aug-2020 00:00,0.0,0.0,20.0,28979.0
12-Aug-2020 00:00,13-Aug-2020 00:00,0.0,0.0,63.0,26620.0
13-Aug-2020 00:00,14-Aug-2020 00:00,0.0,0.0,149.0,59302.0
14-Aug-2020 00:00,15-Aug-2020 00:00,0.0,0.0,16.0,28237.0
15-Aug-2020 00:00,16-Aug-2020 00:00,0.0,0.0,37.0,29168.0
16-Aug-2020 00:00,17-Aug-2020 00:00,0.0,0.0,11.0,23615.0
17-Aug-2020 00:00,18-Aug-2020 00:00,0.0,0.0,82.0,31625.0
18-Aug-2020 00:00,19-Aug-2020 00:00,0.0,0.0,2.0,20828.0
19-Aug-2020 00:00,20-Aug-2020 00:00,0.0,0.0,55.0,40745.0
20-Aug-2020 00:00,21-Aug-2020 00:00,0.0,0.0,76.0,38236.0
21-Aug-2020 00:00,22-Aug-2020 00:00,0.0,0.0,24.0,21054.0
22-Aug-2020 00:00,23-Aug-2020 00:00,0.0,0.0,92.0,23122.0
23-Aug-2020 00:00,24-Aug-2020 00:00,0.0,0.0,0.0,36081.0
24-Aug-2020 00:00,25-Aug-2020 00:00,0.0,0.0,10.0,41324.0
25-Aug-2020 00:00,26-Aug-2020 00:00,0.0,0.0,12.0,56558.0
26-Aug-2020 00:00,27-Aug-2020 00:00,0.0,0.0,125.0,28218.0
27-Aug-2020 00:00,28-Aug-2020 00:00,0.0,0.0,44.0,27547.0
28-Aug-2020 00:00,29-Aug-2020 00:00,0.0,0.0,71.0,43524.0
29-Aug-2020 00:00,30-Aug-2020 00:00,0.0,0.0,4.0,32964.0
30-Aug-2020 00:00,31-Aug-2020 00:00,0.0,0.0,52.0,50707.0
31-Aug-2020 00:00,01-Sep-2020 00:00,0.0,0.0,15.0,26613.0
01-Sep-2020 00:00,02-Sep-2020 00:00,1090.0,0.0,0.0,1345.0
